{"RD": [[39.04391244953877, -77.11081390942857], [38.91657880084209, -77.0474727263], [38.9070162121, -77.0030204472], [38.976078531, -77.0181766987], [39.05799767901296, -77.05301881950582], [39.0617837655, -77.0535573593], [39.0617837655, -77.0535573593], [38.9939493747, -77.0310178268], [38.9325405746269, -76.99461167166552], [38.8960903176, -77.0166389566], [38.90895844637, -77.04304300644999], [38.9488514351, -77.0795873255], [39.05605467439779, -77.11723968935489]], "BL": [[38.82795246183968, -77.05028320146032], [38.861484580070005, -77.05861401032001], [38.87449149524027, -77.05671972437783], [38.888018702, -77.0280662342], [38.8894658568, -76.9118081145], [38.90075089931075, -76.85204532232443], [38.8894658568, -76.9118081145], [38.8846222608, -76.9960011267], [38.8983144732, -77.0280779971], [38.8807539511975, -77.06046072804416], [38.799307672, -77.1291115237], [38.7665218926, -77.1679701804], [38.7665218926, -77.1679701804]], "OR": [[38.89568488314851, -77.2004015105], [38.8833661518, -77.1029772942], [38.9013327968, -77.0336341721], [38.8812632736, -76.9854953196], [38.91578651879, -76.9184909179], [38.9477848558, -76.8718412865], [38.9477848558, -76.8718412865], [38.899191223, -76.9467477336], [38.888018702, -77.0280662342], [38.8959790962, -77.0709086853], [38.891295827183804, -77.1684897018085]], "GR": [[38.8629631168, -76.9953707387], [38.8936652235, -77.0219143879], [38.9550401707, -76.9695766751], [39.0111458605, -76.9110575731], [39.0111458605, -76.9110575731], [38.97776204257764, -76.92995106903683], [38.95268196526, -76.99367001789385], [38.9064368149, -77.0219143803], [38.86253687507587, -76.99520180258916], [38.87729945291, -77.01794553632], [38.8264463483, -76.9114642177], [38.8264463483, -76.9114642177]], "YL": [[38.8694627012, -77.0537156734], [38.9278379675, -77.0325521177], [38.93260534182387, -77.02803583734581], [38.876358852881616, -77.03944921344853], [38.7939158529, -77.0752057891], [38.7939158529, -77.0752057891]]}